#,নথি,ফাইলের নাম,পৃষ্ঠা,মেয়াদ,অবস্থা
1,ট্রেড লাইসেন্স,trade_license_2026.pdf,1,2027-06-30,ঠিক আছে
2,টিআইএন সনদ,03_tin_certificate.pdf,1,,ঠিক আছে
3,ভ্যাট নিবন্ধন সনদ,04_vat_certificate.pdf,1,,ঠিক আছে
4,ব্যাংক সচ্ছলতা সনদ,bank_solvency.pdf,1,2026-12-31,ঠিক আছে
5,অভিজ্ঞতার সনদ,experience_cert.pdf,2,,ঠিক আছে
6,নিরীক্ষিত আর্থিক বিবরণী,,,,প্রদান করা হয়নি
7,প্রস্তুতকারকের অনুমোদনপত্র,,,,প্রদান করা হয়নি
8,কারিগরি প্রস্তাব,02_technical_proposal.pdf,6,,ঠিক আছে
9,আর্থিক প্রস্তাব,01_financial_proposal.pdf,2,,ঠিক আছে
10,স্বাক্ষরিত ঘোষণাপত্র,scan_0042.pdf,1,,ঠিক আছে
